,cha,đẻ,hạt,nhân,pakistan,đã,bán,những,bí,mật,gì,dĩ,nhiên,tôi,trở,thành,mục,tiêu,điều,tra,ai,làm,bom,nguyên,tử,tên,lửa,chính,tiến,sĩ,abdul,qadeer,khan,bình,luận,hồi,cuối,tháng,1,trước,khi,nhận,toàn,bộ,trách,nhiệm,về,việc,vũ,khí,ra,nước,ngoài,và,sau,đó,được,tổng,thống,musharraf,ân,xá,dư,tại,vẫn,băn,khoăn,liệu,nữa,có,thể,dính,líu,đến,hoạt,động,chuyển,giao,công,nghệ,cho,các,như,iran,libya,bắc,triều,tiên,gary,more,thuộc,viện,nghiên,cứu,chiến,lược,ở,london,một,chuyên,gia,đây,là,minh,chứng,rõ,ràng,nhất,phổ,biến,aq,người,đồng,mưu,với,ông,này,trong,15,năm,họ,phần,vì,tiền,nhưng,cũng,rằng,tới,số,quốc,giáo,đúng,đắn,giúp,giảm,mối,de,dọa,của,mỹ,phụ,chương,trình,từ,1975,tay,bản,thiết,kế,máy,ly,tâm,giàu,uranium,để,sản,xuất,ty,urenco,anh,hà,lan,nơi,từng,nhà,khoa,học,sử,dụng,phát,triển,quả,riêng,kho,hiện,ước,tính,30,40,bắt,đầu,phận,1989,1991,tương,tự,1997,quan,chức,khẳng,định,chấm,dứt,cơ,hành,lập,2000,dưới,quyền,vụ,kiểm,soát,tuy,biết,còn,tiếp,tục,tận,8,ngoái,con,tàu,chở,theo,bị,hải,quân,chặn,biển,địa,trung,nó,đang,trên,đường,2002,vệ,tinh,chụp,ảnh,bay,vận,tải,đội,cất,cánh,thỏa,thuận,cấp,đổi,lại,nhưỡng,islamabad,cả,chục,lần,nhiều,cuộc,gặp,casablanca,istanbul,nghiệp,karachi,phong,khắp,thế,giới,thực,mua,dubai,chợ,đen,châu,âu,thuê,3,đức,mình,malaysia,kuala,lumpur,vật,gian,sri,lanka,thay,lâm,tờ,new,york,times,trả,50,triệu,usd,đạn,giống,mà,sự,nay,chỉ,22,căn,giam,lỏng,tòa,biệt,thự,cách,vùng,ngoại,ô,thừa,dẫn,manh,rốt,cục,quy,tụ,câu,hỏi,đặt,phủ,hay,cao,chuyện,diễn,không,lời,pervez,lợi,vị,trí,thông,tin,1976,giấu,cẩn,thận,giữa,thủ,tướng,zulfiqar,ali,bhutto,lật,đổ,đảo,rồi,treo,cổ,lãnh,đạo,zia,ul,haq,80,đứng,dân,nên,khai,1998,thử,nghiệm,nếu,11,khả,năng,qua,mặt,tình,báo,hùng,mạnh,kiếm,hàng,trăm,đôla,chế,chặt,chẽ,khiến,thật,khó,hơn,trao,chắc,chắn,phải,hỗ,trợ,xảy,washington,xếp,vào,trục,ma,quỷ,thân,lý,do,chấp,giải,quyết,bê,bối,chấn,hưởng,lên,đa,chúng,so,sánh,thất,bại,1971,ấn,độ,bangladesh,far,eastern,economic,review,feer,gửi,gái,sang,mang,tài,cá,sẽ,kéo,lĩnh,chung,xuống,hố,toà,thậm,chí,sẵn,sàng,tiết,lộ,chi,liên,hệ,cung,gần,vịnh,vậy,kiện,dự,đoán,pakistan21,02,2004,muốn,lhq,thanh,sát,khí06,thay05,xin,tha,thứ05,nhân04,a,thú,nhân03,sa,thải,sáng,nhân01,nghi,nghệ28,01
0,0.058316571088326254,0.058316571088326254,0.018234953776667926,0.01606166908761341,0.01606166908761341,0.021966634691513134,0.047224133607508434,0.04326507130512719,0.047224133607508434,0.047224133607508434,0.08217263382430938,0.08217263382430938,0.06712113404111031,0.06712113404111031,0.06712113404111031,0.058316571088326254,0.08217263382430938,0.08217263382430938,0.05206963425791126,0.06712113404111031,,,,,,,,,,,,,,,,,,,,,,,,,,,,,,,,,,,,,,,,,,,,,,,,,,,,,,,,,,,,,,,,,,,,,,,,,,,,,,,,,,,,,,,,,,,,,,,,,,,,,,,,,,,,,,,,,,,,,,,,,,,,,,,,,,,,,,,,,,,,,,,,,,,,,,,,,,,,,,,,,,,,,,,,,,,,,,,,,,,,,,,,,,,,,,,,,,,,,,,,,,,,,,,,,,,,,,,,,,,,,,,,,,,,,,,,,,,,,,,,,,,,,,,,,,,,,,,,,,,,,,,,,,,,,,,,,,,,,,,,,,,,,,,,,,,,,,,,,,,,,,,,,,,,,,,,,,,,,,,,,,,,,,,,,,,,,,,,,,,,,,,,,,,,,,,,,,,,,,,,,,,,,,,,,,,,,,,,,,,,,,,,,,,,,,,,,,,,,,,,,,,,,,,,,,,,,,,,,,,,,,,,,,,,,,,,,,,,,,,,,,,,,,
1,,,0.006881114632704877,0.006061007202872984,,0.01657859222000991,0.017820427776418277,,0.017820427776418277,0.017820427776418277,,,,0.050657459653668156,,,,,,,0.04401250648175566,0.03012659005554455,0.01964891858789104,0.03100854106577712,0.03100854106577712,0.02200625324087783,0.02200625324087783,0.01632644200193479,0.017820427776418277,0.017820427776418277,0.03100854106577712,0.03100854106577712,0.007792523681281387,0.01964891858789104,0.02200625324087783,0.025328729826834078,0.025328729826834078,0.025328729826834078,0.03100854106577712,0.025328729826834078,0.013969107348947997,0.01964891858789104,0.03100854106577712,0.017820427776418277,0.02200625324087783,0.02200625324087783,0.011359622477886083,0.013003965415978539,0.011359622477886083,0.012140616537475234,0.017820427776418277,0.013003965415978539,0.017820427776418277,0.008818139951518983,0.01964891858789104,0.01632644200193479,0.015063295027772275,0.01964891858789104,0.01964891858789104,0.015063295027772275,0.025328729826834078,0.025328729826834078,,,,,,,,,,,,,,,,,,,,,,,,,,,,,,,,,,,,,,,,,,,,,,,,,,,,,,,,,,,,,,,,,,,,,,,,,,,,,,,,,,,,,,,,,,,,,,,,,,,,,,,,,,,,,,,,,,,,,,,,,,,,,,,,,,,,,,,,,,,,,,,,,,,,,,,,,,,,,,,,,,,,,,,,,,,,,,,,,,,,,,,,,,,,,,,,,,,,,,,,,,,,,,,,,,,,,,,,,,,,,,,,,,,,,,,,,,,,,,,,,,,,,,,,,,,,,,,,,,,,,,,,,,,,,,,,,,,,,,,,,,,,,,,,,,,,,,,,,,,,,,,,,,,,,,,,,,,,,,,,,,,,,,,,,,,,,,,,,,,,,,,,,,,,,,,,,,,,,,,,,,,,,,,,,,,,,,,,,,,,,,,,,,,,,,,,,,,,,,,,,,,,
2,,,0.009351258347009192,0.008236753378263286,0.008236753378263286,0.011264940867442631,,,,,,,,,,,,,,,0.029905933891449358,,,,,,,,,,,,,,0.029905933891449358,,,,,,,,,,,,0.015437435675075958,0.017672055565304167,,,,0.035344111130608334,0.02421750441410689,0.023967252175923392,,,,,,,,,0.042139812217594545,0.029905933891449358,0.042139812217594545,0.042139812217594545,0.042139812217594545,0.026702376542518592,0.03442109438005657,0.01357716215844489,0.03442109438005657,0.042139812217594545,0.042139812217594545,0.022187216053911378,0.026702376542518592,0.022187216053911378,0.02421750441410689,0.02421750441410689,0.018983658704980613,0.02421750441410689,0.012751913866870497,0.009953337727766189,0.029905933891449358,0.026702376542518592,0.02421750441410689,0.020470631704408476,0.020470631704408476,0.018983658704980613,,,,,,,,,,,,,,,,,,,,,,,,,,,,,,,,,,,,,,,,,,,,,,,,,,,,,,,,,,,,,,,,,,,,,,,,,,,,,,,,,,,,,,,,,,,,,,,,,,,,,,,,,,,,,,,,,,,,,,,,,,,,,,,,,,,,,,,,,,,,,,,,,,,,,,,,,,,,,,,,,,,,,,,,,,,,,,,,,,,,,,,,,,,,,,,,,,,,,,,,,,,,,,,,,,,,,,,,,,,,,,,,,,,,,,,,,,,,,,,,,,,,,,,,,,,,,,,,,,,,,,,,,,,,,,,,,,,,,,,,,,,,,,,,,,,,,,,,,,,,,,,,,,,,,,,,,,,,,,,,,,,,,,,,,,,,,,,,,,,,,,,,,,,,,,,,,,,,,,,,,,,,,,,,,,,,,,,,,,
3,,,0.009856731771171853,0.008681983290601844,,,,,,,,,,,,,,,,,,,,,,,,,0.025526558706761317,0.025526558706761317,,,,0.0281457482475196,0.03152247085855473,,,,,,,,,,,,0.032543783315025,,0.0162718916575125,0.017390612878005068,,,,,,,,,,,,,,,,,,,,,,,,,0.0281457482475196,0.02338652502979848,,,,,,,,,,0.021577152337079207,0.021577152337079207,0.02000980241876335,0.04441763990503209,0.04441763990503209,0.04441763990503209,0.04441763990503209,0.04441763990503209,0.04441763990503209,0.03628169407627584,0.04441763990503209,0.02000980241876335,0.04441763990503209,0.014311062815658127,0.04441763990503209,0.0281457482475196,0.03628169407627584,0.017390612878005068,0.03628169407627584,0.04441763990503209,0.03628169407627584,0.03628169407627584,0.03152247085855473,0.03152247085855473,0.03152247085855473,,,,,,,,,,,,,,,,,,,,,,,,,,,,,,,,,,,,,,,,,,,,,,,,,,,,,,,,,,,,,,,,,,,,,,,,,,,,,,,,,,,,,,,,,,,,,,,,,,,,,,,,,,,,,,,,,,,,,,,,,,,,,,,,,,,,,,,,,,,,,,,,,,,,,,,,,,,,,,,,,,,,,,,,,,,,,,,,,,,,,,,,,,,,,,,,,,,,,,,,,,,,,,,,,,,,,,,,,,,,,,,,,,,,,,,,,,,,,,,,,,,,,,,,,,,,,,,,,,,,,,,,,,,,,,,,,,,,,,,,,,,,,,,,,,,,,,,,,,,,,,,,,,,,,,,,,,,,,,,,,,,,,,,,,,,,,,,,,,,,,,,,,,,,,,,,,,,,
4,,,,,,0.024407371879459034,,0.04807230145014132,,,,,,,,,,,,,,0.0443530353595517,,,,,,,,,,,0.02294465306155075,,,,,,,,,,,,,,,0.038289453724825694,,,,,,0.025964523190583674,,,,,,,,,,,,,,,,,,,,,,,,,,,,,,,,,,,,,,,,,,,,,,,,,,,,0.07457903782345589,0.07457903782345589,,,,0.09130292647145485,0.04807230145014132,0.06479619009814028,0.09130292647145485,0.05785514917545695,0.03134841280214236,0.03344777729599791,0.0443530353595517,0.09130292647145485,0.03134841280214236,,,,,,,,,,,,,,,,,,,,,,,,,,,,,,,,,,,,,,,,,,,,,,,,,,,,,,,,,,,,,,,,,,,,,,,,,,,,,,,,,,,,,,,,,,,,,,,,,,,,,,,,,,,,,,,,,,,,,,,,,,,,,,,,,,,,,,,,,,,,,,,,,,,,,,,,,,,,,,,,,,,,,,,,,,,,,,,,,,,,,,,,,,,,,,,,,,,,,,,,,,,,,,,,,,,,,,,,,,,,,,,,,,,,,,,,,,,,,,,,,,,,,,,,,,,,,,,,,,,,,,,,,,,,,,,,,,,,,,,,,,,,,,,,,,,,,,,,,,,,,,,,,,,,,,,,,,,,,,,,,,,,,,,,,,,,,,,,,,,,,,,,,,
5,,,0.009597344092983118,0.00845351004611232,,,,,,,,,,,,,,,,,,0.021009332538735014,,,,,,,,,,,0.010868519871260881,,,0.03532691265321595,,,,,,,,,,,,,0.0158436839823148,0.01693296517068914,,,,0.012298984669223845,,,,,,,,,,,,,,,,,,,,,,,,,,,0.013087490547577615,,,,,,,,,,,,,,,,,,0.027868911798913192,,0.027405070662058554,,0.03386593034137828,,,,,0.030692932151750656,0.030692932151750656,0.030692932151750656,,,,,,0.014849248169435855,,,,,0.027405070662058554,0.043248754644373354,0.030692932151750656,0.03532691265321595,0.03532691265321595,0.043248754644373354,0.03532691265321595,0.022771090160593255,0.027405070662058554,0.027405070662058554,0.043248754644373354,0.03532691265321595,0.043248754644373354,0.043248754644373354,0.043248754644373354,0.030692932151750656,0.043248754644373354,0.03532691265321595,0.010868519871260881,0.022771090160593255,,,,,,,,,,,,,,,,,,,,,,,,,,,,,,,,,,,,,,,,,,,,,,,,,,,,,,,,,,,,,,,,,,,,,,,,,,,,,,,,,,,,,,,,,,,,,,,,,,,,,,,,,,,,,,,,,,,,,,,,,,,,,,,,,,,,,,,,,,,,,,,,,,,,,,,,,,,,,,,,,,,,,,,,,,,,,,,,,,,,,,,,,,,,,,,,,,,,,,,,,,,,,,,,,,,,,,,,,,,,,,,,,,,,,,,,,,,,,,,,,,,,,,,,,,,,,,,,,,,,,,,,,,,,,,,,,,,,,,,,,,,,,,,,,,,,,,,,,,,,,,,,,,,,,,,,,,,,,,,,,,,,,,
6,,,0.026049933966668465,0.02294524155373344,0.02294524155373344,,,,,,,,,,,,,,,,,,,,,,,,,,,,0.029500268221993822,,,,,,,,,,,,0.0833093872690375,,,,0.043004285094854454,0.0459609054632991,,,,,,,,,,,,,,,,,,,,,,,,,,,,,,,,,,,,,,,,,,,,,,,,,,,,,,,,,,,,,,,,,,,,,,0.04030510217418304,,,,,,,,,,,,,,,,,,,0.029500268221993822,,0.11738947689187053,0.05702533117656647,0.05702533117656647,0.05702533117656647,0.11738947689187053,,,,,,,,,,,,,,,,,,,,,,,,,,,,,,,,,,,,,,,,,,,,,,,,,,,,,,,,,,,,,,,,,,,,,,,,,,,,,,,,,,,,,,,,,,,,,,,,,,,,,,,,,,,,,,,,,,,,,,,,,,,,,,,,,,,,,,,,,,,,,,,,,,,,,,,,,,,,,,,,,,,,,,,,,,,,,,,,,,,,,,,,,,,,,,,,,,,,,,,,,,,,,,,,,,,,,,,,,,,,,,,,,,,,,,,,,,,,,,,,,,,,,,,,,,,,,,,,,,,,,,,,,,,,,,,,,,,,,,,,,,,,,,,,,,,,,,,,,,,,,,,,,,,,,,,,,,,,,,,,,
7,,,0.010130529875926624,0.00892314949311856,,,,,,,,,,,,,,,,,,0.0443530353595517,,,,,,,,,,,,,,,,,,,0.020565630263728995,,,,,,,0.019144726862412847,0.016723888647998956,0.01787368545794965,,,,0.012982261595291837,,0.02403615072507066,,,,,,,,,,,,,,0.014708592338315297,,,,,,,,,0.020565630263728995,,,,,,,,,,,,,,,,,,,,,,,,,,,,,,,,,,,,,0.03134841280214236,,0.02217651767977585,,,,,,,,,,,,,,,,,,,,,0.011472326530775375,,,,,0.02217651767977585,,0.04565146323572743,0.028927574587728475,0.02217651767977585,0.02217651767977585,0.02217651767977585,0.02403615072507066,0.02403615072507066,0.03239809504907014,0.037289518911727944,0.026235629781949127,0.037289518911727944,0.037289518911727944,0.037289518911727944,0.04565146323572743,0.037289518911727944,0.037289518911727944,0.037289518911727944,0.04565146323572743,0.03239809504907014,,,,,,,,,,,,,,,,,,,,,,,,,,,,,,,,,,,,,,,,,,,,,,,,,,,,,,,,,,,,,,,,,,,,,,,,,,,,,,,,,,,,,,,,,,,,,,,,,,,,,,,,,,,,,,,,,,,,,,,,,,,,,,,,,,,,,,,,,,,,,,,,,,,,,,,,,,,,,,,,,,,,,,,,,,,,,,,,,,,,,,,,,,,,,,,,,,,,,,,,,,,,,,,,,,,,,,,,,,,,,,,,,,,,,,,,,,,,,,,,,,,,,,,,,,,,,,,,,,,,,,,,,,,,,,,,,,,,,,,,,,,,,,,,,,,,,,,,,,,,,,
8,,,,,0.018896081279545188,,,,,,,,,,,,,,,,,,0.06125839324460148,,,,,,,,,,,,,,,,,,,,,,,,,,,,,,,,,,,,,,,,,,,,,,,,,,,,,,,,,,,,,,,,,,,,,,,,,,,,,,,,,,,,,,,,,,,,,,0.0354152936075272,,,,,,,,,,,,,,,,,,,,,,0.02429433853575962,,,,,,,,0.06125839324460148,0.04696203743952533,0.04696203743952533,,,,,,0.05555780424412757,,,,,,,,,,0.043550746440837874,0.05090008388838493,0.05090008388838493,0.06860773069214852,0.06125839324460148,0.09667368685212867,0.09667368685212867,0.07896604004836506,0.07896604004836506,,,,,,,,,,,,,,,,,,,,,,,,,,,,,,,,,,,,,,,,,,,,,,,,,,,,,,,,,,,,,,,,,,,,,,,,,,,,,,,,,,,,,,,,,,,,,,,,,,,,,,,,,,,,,,,,,,,,,,,,,,,,,,,,,,,,,,,,,,,,,,,,,,,,,,,,,,,,,,,,,,,,,,,,,,,,,,,,,,,,,,,,,,,,,,,,,,,,,,,,,,,,,,,,,,,,,,,,,,,,,,,,,,,,,,,,,,,,,,,,,,,,,,,,,,,,,,,,,,,,,,,,,,,,,,,,,,,,,,,,,,,,,,,,,,,,,
9,,,0.022793692220834907,0.02007708635951676,,,,,,,,,,,,,,,,,,,0.06508704282238907,,,,,,,,,,,,,,,,,,,,,,,,,,0.03762874945799765,0.040215792280386714,,0.04307563544042891,,,,,,,,,,,,,,,,,,0.03309433276120942,,,,,,,,,,,,,,,,,,,,,,,,,,,,,,,,,,,,,,,,,,,,,,,0.03762874945799765,,,,,,,,,,,,,,,,,,,,,,0.025812734694244596,,,,,,,,,,,,,,,,,,,,,,,,,,,,,,,,,0.08390141755138789,,0.10271579228038671,0.05903016700938554,0.10271579228038671,0.10271579228038671,0.10271579228038671,0.08390141755138789,,,,,,,,,,,,,,,,,,,,,,,,,,,,,,,,,,,,,,,,,,,,,,,,,,,,,,,,,,,,,,,,,,,,,,,,,,,,,,,,,,,,,,,,,,,,,,,,,,,,,,,,,,,,,,,,,,,,,,,,,,,,,,,,,,,,,,,,,,,,,,,,,,,,,,,,,,,,,,,,,,,,,,,,,,,,,,,,,,,,,,,,,,,,,,,,,,,,,,,,,,,,,,,,,,,,,,,,,,,,,,,,,,,,,,,,,,,,,,,,,,,,,,,,,,,,,,,,,,,,,,,,,,,,,,,,,,,,,,,,,,,,,,,
10,,,,,,,,,,,,,,,,,,,,,,,,,,,,,,,,,0.017956685004691893,,,,,,,,,,,0.04106446400652907,,,,,,,,,,0.02032006162741331,,,,,,,,,,,,,,,,,,,,0.037621801134893204,,,0.04106446400652907,0.04106446400652907,,,0.021622810469910842,0.016877398755777453,,0.04527794283296631,,,,,,,,,,,,,,,,,,,,,,,,,,,,,,,,,,,,0.04906708090770109,,,,,,,,,,,,,,,,,,,,,,,,0.0347110711509535,,,0.04527794283296631,0.0347110711509535,0.0347110711509535,0.0347110711509535,0.037621801134893204,0.037621801134893204,,,,,,,,,,,,,,,,,,,,,,,,,,,,0.05071006181593587,0.04106446400652907,0.04527794283296631,0.07145446419505162,0.058366203514008966,,,,,,,,,,,,,,,,,,,,,,,,,,,,,,,,,,,,,,,,,,,,,,,,,,,,,,,,,,,,,,,,,,,,,,,,,,,,,,,,,,,,,,,,,,,,,,,,,,,,,,,,,,,,,,,,,,,,,,,,,,,,,,,,,,,,,,,,,,,,,,,,,,,,,,,,,,,,,,,,,,,,,,,,,,,,,,,,,,,,,,,,,,,,,,,,,,,,,,,,,,,,,,,,,,,,,,,,,,,,,,,,,,,,,,,,,,,,,,,,,,,,,,,,,,,,,,,,,,,,,,,,,,,,,,,,,,,,,,,,,,
11,,,,,,,,,,,,,,,,,,,,,,,,,,,,,,,,,,,,,,,,,,,,,,,,,,,,,,0.023368070871525308,0.05206963425791126,0.04326507130512719,,,,,,,,,,,,,,,,,,0.04326507130512719,,,0.047224133607508434,0.047224133607508434,0.037018134474712194,0.047224133607508434,0.024866232040397472,,,,0.047224133607508434,0.039917731823596536,0.039917731823596536,0.037018134474712194,,,,,,,,,,,,,,,,,,,,,,,,,,,,0.02821357152192813,,,,0.02821357152192813,,,,,,,,,,,,,,,,,,,,,,,,0.039917731823596536,,,,,,,,,,,,,,,,,,,,,,,,,,,,,,,,,,,,,,,,0.06712113404111031,0.08217263382430938,0.08217263382430938,0.08217263382430938,,,,,,,,,,,,,,,,,,,,,,,,,,,,,,,,,,,,,,,,,,,,,,,,,,,,,,,,,,,,,,,,,,,,,,,,,,,,,,,,,,,,,,,,,,,,,,,,,,,,,,,,,,,,,,,,,,,,,,,,,,,,,,,,,,,,,,,,,,,,,,,,,,,,,,,,,,,,,,,,,,,,,,,,,,,,,,,,,,,,,,,,,,,,,,,,,,,,,,,,,,,,,,,,,,,,,,,,,,,,,,,,,,,,,,,,,,,,,,,,,,,,,,,,,,,,,,,,,,,,,,,,,,,,,,,,,,,,,,,
12,,,0.017790198806505293,0.015669921061086254,0.015669921061086254,,,,,,,,,,,0.028447107847964028,,,0.025399821589225005,,,,,,,,,,,,,,,,,,,,,,0.01805762657303034,,,,,0.028447107847964028,,,,,,,,,,,0.01947206430419343,,,0.01947206430419343,,,,,,,,,,0.012914861565350018,,,,,0.025399821589225005,0.02110491283176936,,,,,,0.018935618116238118,,,,,,,,,,,,,,,,,,,0.025399821589225005,,,,,,,,,,,,,,,0.013762717815574697,0.014684390032389328,,,0.013762717815574697,,,,,,,,,,0.025399821589225005,,,,,,,,,0.010073262319705208,,,0.01947206430419343,0.01947206430419343,,,,,,,,,,,,,,,,,,,,,,,,,,,,,,,,,,,,,,,,,,,,,0.056894215695928056,0.028447107847964028,0.028447107847964028,0.028447107847964028,0.04008421162161433,0.04008421162161433,0.028447107847964028,0.032742016605419665,0.028447107847964028,0.04008421162161433,0.04008421162161433,0.028447107847964028,0.032742016605419665,0.032742016605419665,0.032742016605419665,,,,,,,,,,,,,,,,,,,,,,,,,,,,,,,,,,,,,,,,,,,,,,,,,,,,,,,,,,,,,,,,,,,,,,,,,,,,,,,,,,,,,,,,,,,,,,,,,,,,,,,,,,,,,,,,,,,,,,,,,,,,,,,,,,,,,,,,,,,,,,,,,,,,,,,,,,,,,,,,,,,,,,,,,,,,,,,,,,,,,,,,,,,,,,,,,,,,,,,,,,,,,,,,,,,,,,,,,,,,,,,,,,,,,,,,,,,,,,,,,,,,,,,,,,,,,,,,,,,,,,,,
13,,,0.014587963021334341,0.012849335270090727,0.012849335270090727,,,,,,,,0.053696907232888245,,,,,,,,,,,,,,,,,,,,,,,,,0.053696907232888245,,,,,,,,,,,,,,,,,,,,,,,,,,,,,,,,,,,,0.03461205704410175,0.041655707406329005,0.03461205704410175,0.037779306886006746,0.037779306886006746,0.029614507579769755,0.037779306886006746,0.019892985632317978,0.015527206855315256,,,,,,,,,,,,,,,,,,,,,,,,,,,,,,,,,,,,,,0.0225708572175425,,,,,,,,,,,,,,,,,,,,0.03461205704410175,,,,0.031934185458877225,,,,,,,,,,,,,,,,,,,,,,,,,,,,,,,,,,,,,,,,,,,,,,,,,,,,,,,,,,,0.06573810705944749,0.037779306886006746,0.041655707406329005,0.053696907232888245,0.06573810705944749,0.06573810705944749,0.06573810705944749,0.06573810705944749,,,,,,,,,,,,,,,,,,,,,,,,,,,,,,,,,,,,,,,,,,,,,,,,,,,,,,,,,,,,,,,,,,,,,,,,,,,,,,,,,,,,,,,,,,,,,,,,,,,,,,,,,,,,,,,,,,,,,,,,,,,,,,,,,,,,,,,,,,,,,,,,,,,,,,,,,,,,,,,,,,,,,,,,,,,,,,,,,,,,,,,,,,,,,,,,,,,,,,,,,,,,,,,,,,,,,,,,,,,,,,,,,,,,,,,,,,,,,,,,,,,,,,,,,,,,,,,,
14,,,,,0.01003854317975838,,,,,,,,,,,,,,,,,,,,,,,,,,,,,,,,,,,,0.02313633404669512,,,0.02951508350469277,,,,,,,,,,,,,,,,,,,,,,,,,,,,,,,,,,,,,,0.012130630355715044,,,0.02951508350469277,,,,,,,,,,,,0.02313633404669512,,0.01654716638060471,,,,,,,,,,,,,,,,,,,,,,,,,,,,,0.027040669565704493,,,,,,,,,,,0.012906367347122298,0.027040669565704493,,,,,,,,0.02494858238974783,0.02494858238974783,0.02494858238974783,0.027040669565704493,0.027040669565704493,,,,,,,,,,,,,,,,,,,,,,,,,,,,,,0.032543521411194536,,,,,,,,,,,,,,,,,,,,,,,,,,,,,0.04195070877569394,0.05135789614019336,0.05135789614019336,0.02494858238974783,0.027040669565704493,0.08390141755138789,0.02951508350469277,0.05135789614019336,0.05135789614019336,0.04195070877569394,0.027040669565704493,0.03644785693020391,0.03644785693020391,0.04195070877569394,0.05135789614019336,,,,,,,,,,,,,,,,,,,,,,,,,,,,,,,,,,,,,,,,,,,,,,,,,,,,,,,,,,,,,,,,,,,,,,,,,,,,,,,,,,,,,,,,,,,,,,,,,,,,,,,,,,,,,,,,,,,,,,,,,,,,,,,,,,,,,,,,,,,,,,,,,,,,,,,,,,,,,,,,,,,,,,,,,,,,,,,,,,,,,,,,,,,,,,,,,,,,,,,,,,,,,,,,,,,,,,,,,,,,,,,,,,,,,,,,,,,,,,,,,
15,,,,,0.01338472423967784,,,,,,,,,,,,,,,,,,,,,,,,,,,,,,,,,,,,,,,,,,,,,,,,,,,,,,,,,,,,,,,,,,,,,,,,,,,,,0.016174173807620058,,,,0.03326477651966377,0.03326477651966377,0.030848445395593494,,,,,,,,,,,,,,,,,,,,,,,,,,,,,,,,0.023511309601606772,,,,,,,,,,,,,,,,,,,0.034416979592326126,0.03605422608760599,,,,0.03326477651966377,,,,,,0.03326477651966377,,,,,,,,,,,,,,,,,,,,,,,,,,,,,,,,,,,,,,,,,,,,,,,,,,,,,,,0.04339136188159271,,,,,,,,,,,,0.03935344467292369,,,,,,,,,0.06847719485359113,0.06847719485359113,0.06847719485359113,0.06847719485359113,0.05593427836759192,0.06847719485359113,0.06847719485359113,0.06847719485359113,0.06847719485359113,0.05593427836759192,0.06847719485359113,,,,,,,,,,,,,,,,,,,,,,,,,,,,,,,,,,,,,,,,,,,,,,,,,,,,,,,,,,,,,,,,,,,,,,,,,,,,,,,,,,,,,,,,,,,,,,,,,,,,,,,,,,,,,,,,,,,,,,,,,,,,,,,,,,,,,,,,,,,,,,,,,,,,,,,,,,,,,,,,,,,,,,,,,,,,,,,,,,,,,,,,,,,,,,,,,,,,,,,,,,,,,,,,,,,,,,,,,,,,,,,,,,,,,,
16,,,,,0.009448040639772594,,,,,,,,,,,,,,,,,0.023481018719762665,,,,0.03430386534607426,0.03430386534607426,,,,,,,0.03062919662230074,,,,,,,,,,,,,,,,,,,,,,0.025450041944192463,,,,,,,,,,,,,,0.015573803652333844,,,,,,,,,,,0.02925439063576173,0.011417063864202394,,,,0.023481018719762665,0.023481018719762665,0.021775373220418937,,,,,,,,,,,0.015573803652333844,,,,,,,,,,,,,,,,,,,,,,0.03062919662230074,,,,,,,,,,,,,,,,,,,0.025450041944192463,,,,,,,,,,0.023481018719762665,0.025450041944192463,0.025450041944192463,0.03430386534607426,0.03948302002418253,,,,,,,,,,,,,,,,,,,,,,,,,,,,,,,,,,0.03430386534607426,0.03430386534607426,0.03430386534607426,0.03430386534607426,,,,,,,,,,,,,,,,,,,,,,,0.023481018719762665,,,,,,,,,,,,,,,,,,,,,,,0.048336843426064334,0.048336843426064334,0.06125839324460148,0.03948302002418253,0.03948302002418253,0.048336843426064334,0.027778902122063784,,,,,,,,,,,,,,,,,,,,,,,,,,,,,,,,,,,,,,,,,,,,,,,,,,,,,,,,,,,,,,,,,,,,,,,,,,,,,,,,,,,,,,,,,,,,,,,,,,,,,,,,,,,,,,,,,,,,,,,,,,,,,,,,,,,,,,,,,,,,,,,,,,,,,,,,,,,,,,,,,,,,,,,,,,,,,,,,,,,,,,,,,,,,,,,,,,,,,,,,,,,,,,,,,,,,,,,,,,,,,,,
17,,,,,,0.04881474375891807,,,,,,,,,,,,,,,,,,,,,,,,,,,0.0458893061231015,,,,,,,,,,,,,,,,,,,,,,,,,,,,,,,,,,,,,,,,,,,,,,,,,,,,,0.0887060707191034,0.0887060707191034,0.08226252105491598,,,,,,,,,,,,,,,,,,,,,,,,,,,,,,,,,,,,,,,,0.09614460290028264,,,,,,,,,,,,,,,,,,,,,,,,,,,,,,,,,,,,,,,,,,,,,,,,,,,,,,,,,,,,,,,,,,,,,,,,,,,,,,,,,,,,,,,,,,,,,,,,,,,,,,,,,,,,,,,,,,,,0.14915807564691178,0.1826058529429097,0.1826058529429097,,,,,,,,,,,,,,,,,,,,,,,,,,,,,,,,,,,,,,,,,,,,,,,,,,,,,,,,,,,,,,,,,,,,,,,,,,,,,,,,,,,,,,,,,,,,,,,,,,,,,,,,,,,,,,,,,,,,,,,,,,,,,,,,,,,,,,,,,,,,,,,,,,,,,,,,,,,,,,,,,,,,,,,,,,,,,,,,,,,,,,,,,,,,,,,,,,,,,,,,,,,,,,,,,,,,,,,,,,,,
18,0.03762359425053306,0.03762359425053306,0.023528972615055387,0.020724734306597947,0.010362367153298973,,,,,,,,,,,,,,,,,,,,,,,,,,,,,,,,,,,,,,,,,,,,,,,,,0.015076174755822779,,,,,,,,,,,,,,,,0.01708094594126938,,,,,,,,,,,,0.025043882024702025,,0.03359331242445888,0.030467182972586087,,,,,,,,,,,,0.04776533480608025,,,,,,,,,,,,,,,,0.03762359425053306,,0.06718662484891776,,,,,,,,,,,,,,,,,,,,,,,,,,,0.025753375370062278,0.025753375370062278,,,,,,,,,,,,,,,,,,,,,,0.023882667403040125,0.027912949229114314,0.027912949229114314,,,,,,,,,,,,,,,,,,,,,,,,,,,,,,,,,,,,,,0.03359331242445888,,,,,,,,,,,,,,,,,,,,,,,,,,,,,,,,,,,,,,,,,,0.05301460246729637,0.027912949229114314,0.04330395744587762,0.05301460246729637,0.05301460246729637,0.05301460246729637,0.05301460246729637,,,,,,,,,,,,,,,,,,,,,,,,,,,,,,,,,,,,,,,,,,,,,,,,,,,,,,,,,,,,,,,,,,,,,,,,,,,,,,,,,,,,,,,,,,,,,,,,,,,,,,,,,,,,,,,,,,,,,,,,,,,,,,,,,,,,,,,,,,,,,,,,,,,,,,,,,,,,,,,,,,,,,,,,,,,,,,,,,,,,,,,,,,,,,,,,,,,,,,,,,,,,,,,,,,,,,
19,,,0.009856731771171853,0.008681983290601844,,,0.025526558706761317,,,,,,,,,,,,,,,,,,,,,,0.025526558706761317,0.025526558706761317,,,0.011162263651565231,0.0281457482475196,,,,,,,,,,0.025526558706761317,,,,,,,,0.018627301812077366,,,,,,,,,,,,,,,,,,,,,,,,,0.025526558706761317,,0.02000980241876335,,,0.04196542393328448,,,,,,,,,,,,,,,,,,,,,0.017390612878005068,,,,,,,,,,,,,,,,,,,,,,,,,0.02338652502979848,,,,,,,,,,,,,,,,,,,,,,,,0.02338652502979848,,,0.051053117413522635,,,0.03628169407627584,,,,,,,,,,0.03152247085855473,0.0281457482475196,,,,,,0.025526558706761317,,,,,,,0.0281457482475196,,,,,,,,,,,,,,,,,,,,,,,,,,,,,,,,,,,,,,,0.02338652502979848,,,0.03628169407627584,,,,,,,,,,,,,,,,,,,,,,,,0.02338652502979848,,,,,,0.03628169407627584,0.04441763990503209,0.04441763990503209,0.04441763990503209,0.03628169407627584,0.03628169407627584,0.04441763990503209,0.03628169407627584,0.03628169407627584,,,,,,,,,,,,,,,,,,,,,,,,,,,,,,,,,,,,,,,,,,,,,,,,,,,,,,,,,,,,,,,,,,,,,,,,,,,,,,,,,,,,,,,,,,,,,,,,,,,,,,,,,,,,,,,,,,,,,,,,,,,,,,,,,,,,,,,,,,,,,,,,,,,,,,,,,,,,,,,,,,,,,,,,,,,,,,,,,,,,,,,,,,,,,,,,,,,,,,,,,,,,
20,,,,,,,,,,,,,,,,,,,,,,0.04696203743952533,,,,,,,,,,,,,,,,,,,,,,,,,,0.04054177453216839,,,,,,0.027491848084147417,,,,,,,,,,0.06860773069214852,,,,,,,,,,,,,,,,,0.02925439063576173,,,,,,,,,,,,,,,,,,0.031147607304667688,,,,,,,,,,,,,0.10180016777676985,,,,0.03319243708462132,,,,,,,,,,,,,,,,,,,,,,,,,,,,,,,,,,,,,,,,,,,,,0.07896604004836506,0.07896604004836506,,,,,,,,,,,,,,,,,,,,,,,,,,,,,,,,,,,,,,,,,,,,,,,,,,,,,,,,,,,,,,,,,,,,,,,,,,,,,,,,,,,,,,,,,,,,,,,,,,,,,0.09667368685212867,0.09667368685212867,0.09667368685212867,0.09667368685212867,0.09667368685212867,0.06125839324460148,,,,,,,,,,,,,,,,,,,,,,,,,,,,,,,,,,,,,,,,,,,,,,,,,,,,,,,,,,,,,,,,,,,,,,,,,,,,,,,,,,,,,,,,,,,,,,,,,,,,,,,,,,,,,,,,,,,,,,,,,,,,,,,,,,,,,,,,,,,,,,,,,,,,,,,,,,,,,,,,,,,,,,,,,,,,,,,,,,,,,,,,,,,,,,,,,,,,,,
21,,,,,,,,,,,,,,,,,,,,,,,,,,,,,,,,,0.03754579591890123,,,,,,,,,,,,,,,,,,,,,,,,,,,,,,,,,,,,,,,,,,,,,,,,,0.03528910648935286,,,,,,,,,,,,,,,0.06730569904493126,,,,,,,,,,,,,,,,,,,,,,,,,,,,,,,,,,,,,,,,,,,,,,,,,,,,,,,,,,,,,,,,,,,,0.06730569904493126,0.07866376600932216,0.07866376600932216,,,,,,,,,,,,,,,,,,,,,,,,,,,,,,,,,,,,,,0.09467206228711138,,,,,,,,,,,,,,,,,,,,,,,,,,,,,,,,,,,,,,,,,,,,0.12203842552929148,,,,,,,,,,,,,,,,,,,,0.1494047887714716,0.1494047887714716,0.1494047887714716,,,,,,,,,,,,,,,,,,,,,,,,,,,,,,,,,,,,,,,,,,,,,,,,,,,,,,,,,,,,,,,,,,,,,,,,,,,,,,,,,,,,,,,,,,,,,,,,,,,,,,,,,,,,,,,,,,,,,,,,,,,,,,,,,,,,,,,,,,,,,,,,,,,,,,,,,,,,,,,,,,,,,,,,,,,,,,,,,,,,,,,,,,,,,,,,,,,
22,,,,0.011897532657491413,,0.016271581252972688,,,,,,,,,,,,,,,,,,,,,,,,,,,0.015296435374367168,,,,,,,,,,,0.03498083970926551,,,,,,,,0.02552630248321713,,,,,,,,,,,,,,,,,,0.019611456451087063,,,,,,,,,,,,0.014377043384551163,,,,,,,,,,,,,,,0.02742084035163866,,0.019611456451087063,,,,,,,,,,,,,0.03204820096676088,,,,,0.02229851819733194,0.029568690239701132,,,,,,,,,,,,,,,,,,,,,,,,,,,,,,,,0.029568690239701132,0.03204820096676088,,,,,0.049719358548970596,0.049719358548970596,,,,,,,,,,,,,,,,,,0.03498083970926551,,,,,0.04319746006542685,,0.03857009945030463,,,,,,,,,,,,,,,,,,,,,,,,,,,,,,,,,0.03204820096676088,,,,,,0.03204820096676088,,,,,,,,,,,,,,,,,,,,,,,,,,,,,,,,,,,,,,,,,,,,,,,,,,,0.06086861764763657,0.06086861764763657,0.06086861764763657,0.06086861764763657,0.06086861764763657,0.06086861764763657,,,,,,,,,,,,,,,,,,,,,,,,,,,,,,,,,,,,,,,,,,,,,,,,,,,,,,,,,,,,,,,,,,,,,,,,,,,,,,,,,,,,,,,,,,,,,,,,,,,,,,,,,,,,,,,,,,,,,,,,,,,,,,,,,,,,,,,,,,,,,,,,,,,,,,,,,,,,,,,,,,,,,,,,,,,,,,,,,,,,,,,,,,,,,
23,,,0.011051487137374501,0.009734344901583885,0.009734344901583885,0.013313111934250383,,,,,,,,,,,,,,,,,,,,,,,,,,,0.012515265306300411,,,,,,,,,,,,,,,,,,,,,,,,0.024192564741573656,,,,,,,,,,,,,,,,,,,,,,,,0.030140887321693906,,0.03534337641716743,,0.028620687034853598,,,,,,,,,,,,,,0.01604573709634396,,,,,,,,,,,,,,,,,,,,,,,,,,,,,,,0.031557354095703795,,,,,,,,,,,,,,,,,0.031557354095703795,0.024192564741573656,0.024192564741573656,,,,,,,,,,,,,,,0.03534337641716743,,,,,,,,,,,,,,,,,0.057241374069707196,,,,,,,,,,,,,,,,,,,,,,,,,,,,,,,,,0.024192564741573656,,,,,,,0.02622125533644072,,,,,,,,,,,,,,,,,,0.031557354095703795,,,,,,,,,,,,,,,,,,,,,,,,,,,,,,,,,,,,,,,0.049801596257157195,0.049801596257157195,0.049801596257157195,0.049801596257157195,0.049801596257157195,0.049801596257157195,0.04067947517643049,0.049801596257157195,0.09960319251431439,0.049801596257157195,0.04067947517643049,,,,,,,,,,,,,,,,,,,,,,,,,,,,,,,,,,,,,,,,,,,,,,,,,,,,,,,,,,,,,,,,,,,,,,,,,,,,,,,,,,,,,,,,,,,,,,,,,,,,,,,,,,,,,,,,,,,,,,,,,,,,,,,,,,,,,,,,,,,,,,,,,,,,,,,,,,,,,,,,,,,,,,,,,,,,,,,,,,
24,,,,,,0.024407371879459034,,,,,,,,,,,,,,,,,,,,,,,,,,,0.02294465306155075,,,,,,,,,,,,,,0.03344777729599791,,,,,,,,,,,,,,,,,,,,,,,0.05883436935326119,,,,,,,,,,,,,,,,,,,,,,,,,,,0.04113126052745799,,,,,,,,,,,,,,,,,,,0.03134841280214236,,,,,,,,,,,,,,,,,,,,,,,0.02294465306155075,,,,,,,,,,,,,,0.06479619009814028,,,,,,,,,,,,0.04113126052745799,,,,,,,,0.07457903782345589,,0.052471259563898254,,,,,,,,,,,,,,,,,,,,,,,,,,,,,,,,,,,,,,,,,,,,,,,,,,,,,,,,,,,,,,,,,,,,0.052471259563898254,,,,,,,,,,,,,,,,,,,,,,,,,,,,,,,,,,,,,,,,,,,,,,0.04807230145014132,0.07457903782345589,0.09130292647145485,0.09130292647145485,0.09130292647145485,,,,,,,,,,,,,,,,,,,,,,,,,,,,,,,,,,,,,,,,,,,,,,,,,,,,,,,,,,,,,,,,,,,,,,,,,,,,,,,,,,,,,,,,,,,,,,,,,,,,,,,,,,,,,,,,,,,,,,,,,,,,,,,,,,,,,,,,,,,,,,,,,,,,,,,,,,,,,,,,,,,,,,,,,,,,,
25,,,,,,,,,,,,,,,,,,,,,,,,,,,,,,,,,,,,,,,,,0.037018134474712194,,,,,,,,,,,,,,,,,,,,,,,,,,,,,,,,,,,,,,,,,,,,,,,,,,,,,,,,0.037018134474712194,,,,,,,,,,,,,,,,,,,0.02821357152192813,,,,,,,,,,,,,,,,,,,,,,,,,,,,,,,,,,,,,,,,,,,,,,,,,,,,,,,,,,,,,,,,,,,,,,,,,,,,,,,,,,,,,,,,,,,,,,,,,,0.039917731823596536,0.04326507130512719,0.06712113404111031,,,,0.06712113404111031,0.04326507130512719,,0.058316571088326254,,,,,,,,,,,,,,,,,,,,0.047224133607508434,,,,,,,,,,,0.06712113404111031,,,,,,,,,,,,,,,,,,,,,,,,,,,,,,,,,,,,,,,,0.08217263382430938,0.08217263382430938,0.08217263382430938,0.08217263382430938,0.08217263382430938,0.06712113404111031,0.06712113404111031,0.06712113404111031,0.08217263382430938,,,,,,,,,,,,,,,,,,,,,,,,,,,,,,,,,,,,,,,,,,,,,,,,,,,,,,,,,,,,,,,,,,,,,,,,,,,,,,,,,,,,,,,,,,,,,,,,,,,,,,,,,,,,,,,,,,,,,,,,,,,,,,,,,,,,,,,,,,,,,,,,,,,,,,,,,,,,,,,,,,,,
26,,,,,0.00892314949311856,0.012203685939729517,,0.02403615072507066,,,,,,,,,,,0.028927574587728475,0.037289518911727944,,,,,,,,0.02403615072507066,,,,,,,,,,,,,,0.028927574587728475,,,,,0.03344777729599791,0.019144726862412847,,,,,0.026235629781949127,,,,0.02217651767977585,,,,,,,,,,,,,,,,,,,,,,,,,0.010782782538413372,,0.028927574587728475,,,,,,,,,,,,,,,0.014708592338315297,,,,,,,,,,,,,,,,,,,,,,0.028927574587728475,,,,,,0.037289518911727944,0.02403615072507066,,,,,,,,0.03239809504907014,,,,,,,,,,,,0.02217651767977585,0.02217651767977585,0.02217651767977585,0.02403615072507066,0.02403615072507066,,,,,,,,,,,,,,,,,,,,,,,,,,,,,,,,,,,,,,,,,,,,,,,,,,,,,,,,,,,,,,,,,,,,,,,,,,,,,,,,,,,,,,,,,,,,,,,,0.02403615072507066,,,,,,,,,,,0.037289518911727944,,0.037289518911727944,0.037289518911727944,,,,,,,,,,,,,,,,,,,,,,,,,,0.037289518911727944,,,,,,,,,,,,,,,0.04565146323572743,0.037289518911727944,0.04565146323572743,0.04565146323572743,0.04565146323572743,0.04565146323572743,0.04565146323572743,,,,,,,,,,,,,,,,,,,,,,,,,,,,,,,,,,,,,,,,,,,,,,,,,,,,,,,,,,,,,,,,,,,,,,,,,,,,,,,,,,,,,,,,,,,,,,,,,,,,,,,,,,,,,,,,,,,,,,,,,,,,,,,,,,,,,,,,,,,,,,,,,,,,,,,,,,,,,
27,,,,,,,,0.07524360226978641,,,,,,,,,,,,,,,,,,,,0.037621801134893204,,,,,,,,,,,,,,,,,,,0.02617652136208532,,,,0.08212892801305814,,,,,,,,,,,,,,,,,0.04527794283296631,,0.023022144529536985,,,,,,,,,,,,,,,,,,,,,,,,,,,,,,,,,0.02797620332548641,,,,,,,,,0.037621801134893204,,,,,,,,,,,,,,,,,,,,,,,,,,,,,,,,,,,,,,,,,,,,,,,,,,,,,,,,,,,,,,,,,,,,,,,,,,,,,,,,,,,,,,,,,,,,0.04106446400652907,,,,,,,,,,,,,,,,,,,0.05071006181593587,,,,,,,,,,,,,,,,0.04527794283296631,,,,,,,,,,,,,,,,,,,,,,,,,,,,,,,,,,,,,,,,,,,,,,,,,,,,,,,,,,,,,,,,,,,,,,,0.07145446419505162,0.07145446419505162,0.07145446419505162,0.058366203514008966,0.14290892839010325,0.07145446419505162,0.05071006181593587,0.07145446419505162,0.04527794283296631,,,,,,,,,,,,,,,,,,,,,,,,,,,,,,,,,,,,,,,,,,,,,,,,,,,,,,,,,,,,,,,,,,,,,,,,,,,,,,,,,,,,,,,,,,,,,,,,,,,,,,,,,,,,,,,,,,,,,,,,,,,,,,,,,,,,,,,,,,,,,,,,,,,,
28,,,0.011764486307527694,0.010362367153298973,,0.014172022381621375,0.030467182972586087,,,,,,,,,,,,,,,,,,,,,,,,,,0.01332270177767463,,,,,,,,,,,,,,,,,,0.030467182972586087,0.02223258603376976,0.030467182972586087,0.015076174755822779,,,,0.03359331242445888,0.03359331242445888,0.025753375370062278,,,,,,,,,,,,,,,,0.027912949229114314,,,,,,,,,,,,,,,,,,,,,,,0.01708094594126938,,,,,,,,,,,,,,,,,,,,,,,,,,,,,,,,,,,,,,,,0.01332270177767463,,,,,,,,,,,,,,,,0.030467182972586087,,,,,,,,,,0.023882667403040125,0.027912949229114314,0.027912949229114314,,0.03359331242445888,,,,,,,,,,,,,,,,,,,,,,,,,,0.04330395744587762,,,,,,,,,,,,,,,,,,,0.025753375370062278,,,,,,,,,,,,,,,,,,,,,,,,,,,,,,,,,,,,,,,,,,,,,,,,,,,,,,0.06718662484891776,,,,,,,,,,,,,,,,,,,,,,,,,,,,,,,,,,,,,,,,,,,,,,,,,,,0.04330395744587762,0.04330395744587762,0.05301460246729637,0.05301460246729637,0.05301460246729637,0.05301460246729637,0.04330395744587762,,,,,,,,,,,,,,,,,,,,,,,,,,,,,,,,,,,,,,,,,,,,,,,,,,,,,,,,,,,,,,,,,,,,,,,,,,,,,,,,,,,,,,,,,,,,,,,,,,,,,,,,,,,,,,,,,,,,,,,,,,,,,,,,,,,,,,,,,,,,,
29,,,0.010130529875926624,0.00892314949311856,0.00892314949311856,,,,0.026235629781949127,0.026235629781949127,,,,,,,,,,,,,,,,,,,0.026235629781949127,0.026235629781949127,,,0.011472326530775375,,,,,,,,0.04113126052745799,,,,,,,,0.016723888647998956,0.01787368545794965,,,,0.012982261595291837,,0.02403615072507066,0.02217651767977585,,,0.02217651767977585,,,,,,,,,,,,,,,,,,,,,,,,,,,,,,,,,,,,,,,,,,0.037289518911727944,0.01787368545794965,,,,,,,,,,,,,,,,,0.01567420640107118,,,,,,,,,,,,,,,,,,,,,,0.02217651767977585,0.02217651767977585,,,,,,,,,,,,,,,,,,,,,,,,,,,,,,,,,,,,,0.03239809504907014,0.026235629781949127,,,,,,,,,0.03239809504907014,0.03239809504907014,,,,,,,,,,,,,,,,,,,,,,,,,,,,,,,,,,,,,,,,,,,,0.037289518911727944,,,,,,,,,,,,,,,,,,,,,,,,,,,,,,,,,,,,,,,,,,,,,,,,,,,,,,,,,,,,,,,,,,,,,,,,,,,,,,,,,,,,,,,,,,,0.04565146323572743,0.04565146323572743,0.04565146323572743,0.04565146323572743,0.04565146323572743,0.037289518911727944,0.03239809504907014,0.04565146323572743,0.04565146323572743,0.037289518911727944,,,,,,,,,,,,,,,,,,,,,,,,,,,,,,,,,,,,,,,,,,,,,,,,,,,,,,,,,,,,,,,,,,,,,,,,,,,,,,,,,,,,,,,,,,,,,,,,,,,,,,,,,,,,,,,,,,,,,,,,,,,,,,,,,,,
30,,,,,,,,0.01922892058005653,0.020988503825559304,0.020988503825559304,,,,,,,,,,,,,,,,,,0.03845784116011306,0.020988503825559304,0.020988503825559304,,,0.0091778612246203,,,,0.02983161512938236,,,,0.0164525042109832,,,,,,,,,,,,0.020988503825559304,0.01038580927623347,0.02314205967018278,,,,,,,,,,,,,,,0.011766873870652238,,,,0.01922892058005653,,,,,,,,,,,,,,,,,,,,,,,,,,,,,0.014298948366359721,,,,,,,,,0.01922892058005653,,,,0.012539365120856946,0.013379110918399165,0.01774121414382068,,0.012539365120856946,,,,,,,,,,,,,,,,,,,,,,,,,,,,,,,,,,,,,,,,,,,,,0.0164525042109832,,,,,,,,,,,,,,,,0.020988503825559304,,,,,,,,,,,,,,,,,,0.02591847603925611,,,,,0.020988503825559304,,,,,,,,,,,0.03845784116011306,,0.020988503825559304,,,,,,,,,,,,,,,,,,,,,,,,,,,,,,,,,,,,,,,,,,,,,,,,,,,,,,,,,,,,,,,,,,,,,,,,0.03845784116011306,,,,,,,,,,,,,,,,,,,,,,,,,,,,,,,,,,,,,,,,,,,,,,0.02983161512938236,0.036521170588581946,0.036521170588581946,0.036521170588581946,0.036521170588581946,0.036521170588581946,0.036521170588581946,0.02591847603925611,0.02983161512938236,0.036521170588581946,0.036521170588581946,0.036521170588581946,0.036521170588581946,0.036521170588581946,0.02983161512938236,,,,,,,,,,,,,,,,,,,,,,,,,,,,,,,,,,,,,,,,,,,,,,,,,,,,,,,,,,,,,,,,,,,,,,,,,,,,,,,,,,,,,,,,,,,,,,,,,,,,,,,,,,,,,,,,,,,,,
31,,,0.009351258347009192,0.008236753378263286,0.008236753378263286,,,,,,,,,,0.03442109438005657,,,,,,0.029905933891449358,,,,,,,,,,,,,,,,,,,,0.037967317409961225,,,,,,0.015437435675075958,,0.015437435675075958,0.01649878657656891,,,,,0.026702376542518592,0.022187216053911378,,,,,,,,,,,,,,,,,,0.022187216053911378,,,,,0.018983658704980613,,0.012751913866870497,0.019906675455532378,,,,,,0.018983658704980613,,,,,,,,,,,,,,,,,,,,,,,,,,,,,,0.020470631704408476,,0.014468498216373398,,,,,,,,,0.026702376542518592,,,,,,,,,,,,,0.020470631704408476,0.020470631704408476,,,,,,0.020470631704408476,,,,,,,,,,,,,,,,,,,,,,,,,,0.02421750441410689,,,,,,0.02421750441410689,,,,,,,,,,,,,,,,,,,,,,,0.02421750441410689,,0.03442109438005657,,,,,,,,,,,,,,,,0.029905933891449358,,,,,,,,,,,,,,,,,,,,,,,,,,0.022187216053911378,,,,,,,,,,0.03442109438005657,,,,,,,,,,,,,,,,,,,,,,,,,,,,,,,,,,,,,,,,,,,,,,,,,,,,,,,,,,,,0.026702376542518592,,,,,,,,,,,,,0.03442109438005657,0.029905933891449358,,,,,,,,,,,,,,,,,,0.03442109438005657,0.03442109438005657,0.042139812217594545,0.042139812217594545,0.042139812217594545,,,,,,,,,,,,,,,,,,,,,,,,,,,,,,,,,,,,,,,,,,,,,,,,,,,,,,,,,,,,,,,,,,,,,,,,,,,,,,,,,,,,,,,,,,,,,,,,,,,,,,,,,,,,,,,,
32,,,,,0.007300758676187913,0.009984833950687787,,,,,,,,,,,,,,,,,,,,,,0.01966594150233054,,,,,,,,,,,,,,,,,,,,,,,,,,0.0318655511884436,,,0.01814442355618024,,,0.01814442355618024,,,,,,,,,,0.01203430282225797,,,,,,,,,,,0.011302832745635214,0.008822276622338214,0.02650753231287557,,,,,,,,,,,,,,,,,,,,0.01462392446559517,,,,,0.02650753231287557,,,,,,,,0.012824350691785513,,,,,,,,,,,,,,,,0.03050960638232287,,,,,,,,,,,,,,,,,,,,,,,,,,,,,,,,,0.016826424761232816,0.01966594150233054,0.01966594150233054,,,,,,,,,,,,,,,,,,,,,0.05301506462575114,0.02650753231287557,,,,,0.02650753231287557,,,,,0.02650753231287557,,,,,,,,,,,,,,,,,,0.0214655152761402,,,,,,,,,,,,,,,,,,,,,,,,,,,0.03050960638232287,,,,,,,,,,,,,,,,,,,,,,,,0.023668015571777844,,,,,,,,,,,,,,,,0.03050960638232287,,,,,0.01966594150233054,,,,,,,,,,,,,,,,,,,,,,,,,,,,,,0.03050960638232287,,,,,,,,,,,,,,,,,,,,,,,,,,,,,,,,,,,,0.02650753231287557,0.0373511971928679,0.0373511971928679,0.0373511971928679,0.0373511971928679,0.0373511971928679,0.03050960638232287,0.0373511971928679,0.0373511971928679,0.0373511971928679,0.0373511971928679,0.0373511971928679,0.0373511971928679,0.0373511971928679,,,,,,,,,,,,,,,,,,,,,,,,,,,,,,,,,,,,,,,,,,,,,,,,,,,,,,,,,,,,,,,,,,,,,,,,,,,,,,,,,,,,,,,,,,,,,,,,,,
33,,,,,,,,,,,,,,,,,,,0.06942617901054834,,,,,,,,,,,,,,,,,,,,,,,,,,,,,,,,,,,,,,,,,,,,,,,,,,,,,,,,,,,,,,0.03315497605386329,,,,,,,,,,,,,,,,,,,,,,,,,,,,,,,,,,,,0.04013733275519749,,,,,,,,,,,,,,,,,,,,,,0.0275335836738609,,,,,,,,,,,,,,,,,,,,,,,,,,,,,,,,,,,,,,,,,,,,,,,,,,,,,,,0.07775542811776834,,,,,,,0.08949484538814707,0.08949484538814707,,,,,,,,,,,,,,,,,,,,,,,,,,,,,,,,,,,,,,,,,0.06296551147667791,,,,,,,,,,,,,,,,,,,,,,,,,,,,,,,,,,,,,,,,,,,,,,,,,,,,,,,,,,,,,,,,,,,,,,,,,,,,,,,,,,0.08949484538814707,,,,,,,,,,,,,,,,,,,,,,,,,,,,,,,,,,,,,,,,,,,,0.10956351176574583,0.10956351176574583,0.10956351176574583,0.10956351176574583,0.10956351176574583,0.10956351176574583,,,,,,,,,,,,,,,,,,,,,,,,,,,,,,,,,,,,,,,,,,,,,,,,,,,,,,,,,,,,,,,,,,,,,,,,,,,,,,,,,,,,,,,,,,,,
34,,,0.011764486307527694,0.010362367153298973,0.010362367153298973,,,,0.030467182972586087,0.030467182972586087,,,,,,,,,,,,,,,,0.03762359425053306,0.03762359425053306,0.027912949229114314,,,,,,,,,,,,,,,,,,,0.019421290042837495,0.02223258603376976,,,,,,,,,,,,,,,,,,,,,0.04330395744587762,0.01708094594126938,,,,,,,,,0.023882667403040125,0.030467182972586087,0.01604273034864353,0.012521941012351013,,,,0.025753375370062278,0.025753375370062278,0.023882667403040125,,,,,,,,,,,,,,,,,,,,,,,,,,,,,,,,,,,,,,,,,,,,,,,,,,,0.01332270177767463,,,,,,,,,,,,,,,,,,,,,,,,,,,,,,,,,,,,,,,,,,,,,,,,,,,,,,,,,,,,,,,,,,,,,,,,,,,,,,,,,,,,,,,,,,,,,,,,,,,,,0.04330395744587762,0.04330395744587762,,,,,,,,,,,,,,,,,,,,,,,,,,,,,,,,,,,,,,,,,,,,,,,,0.027912949229114314,,,,,,,,,,,,,,,,,,,,,,,,0.04330395744587762,,,,,,,,,,,,,,,,,,,,,,,,,,,,,,,,,,,,,,,,,,,,,,,,,,,,,,,,,,,,,,0.05301460246729637,0.05301460246729637,0.04330395744587762,0.05301460246729637,0.03762359425053306,0.05301460246729637,0.05301460246729637,,,,,,,,,,,,,,,,,,,,,,,,,,,,,,,,,,,,,,,,,,,,,,,,,,,,,,,,,,,,,,,,,,,,,,,,,,,,,,,,,,,,,
35,,,,,0.014601517352375826,0.019969667901375575,,,,,,,,,,,,,,,,,,,,,,,,,,,,,,,,,,,,,,,,,,,,,0.0429310305522804,0.03132773486576648,,,,,,,,,,,,0.05301506462575114,,,,,,,,,,,,,,,,,,,,,,,,,,,,,,,,,,,0.02406860564451594,,,,0.02924784893119034,,,,,,,,,,,,,,0.02736636324218011,,,,0.04733603114355569,,,,,,,,,,,,,,,,,,,,,,,,,,,,,,,,,,,,,,,,,,,,,,,,,,,,,,,,,,,,,,,,,,,,,,,,,,,,,,,,,,,,,,,,,,,,,,0.03933188300466108,,,,,,,,,,,,,,,,,,,,,,,,,,,,,,,,,,,,,,,,,,,,,,,,,,,,,,,,,,,,,,,,,,,,,,,,,,,,,,,,,,,,,,,,,,,,,,,,,,,,,0.05301506462575114,,0.04733603114355569,,,,,,,,,,,,,,,,,,,,,,,,,,,,,,,,,,,,,0.05301506462575114,,,,,,,,,,,,,,,,,,,,,,0.06101921276464574,,0.05301506462575114,,,0.0747023943857358,0.06101921276464574,0.0747023943857358,0.0747023943857358,0.0747023943857358,0.0747023943857358,0.0747023943857358,,,,,,,,,,,,,,,,,,,,,,,,,,,,,,,,,,,,,,,,,,,,,,,,,,,,,,,,,,,,,,,,,,,,,,,,,,,,,,
36,,,,,,,,,,,,,,,,,,,,,,,,,,,,,,,,,,,,,,,,,,0.03719259589850804,,,,,,,,,,,,,,,,0.03719259589850804,0.03719259589850804,0.028512665588283234,,,,,,,,,,,,,,,,,,0.03373152400536317,,,,,,,,,,,,,,,,,,,,,0.018911047292119666,,,,0.02298045273164955,0.04794366717222165,,,,,,,,,0.04165469363451875,,,,,,,,,,0.0833093872690375,,0.04794366717222165,,,,,,,,,,,,,,0.029500268221993822,0.030903622360805134,,,,,,,,0.028512665588283234,,,,,,,,,,,,,,,,,,,,,,,,,,,,,,,,,,,,,,,,,,,,,,,,,,,,,,,,,,,,,,,,,,,,,,,,,,,,,,,,,,,,,,,,,,,,,,,0.03373152400536317,,,,,,,,,,,,,,,,,,,,,,,,,,,,,,,,,,,,,,,,,,,,,,,,,,,,,,,,0.04794366717222165,,0.04794366717222165,,,,,,,,,,,,,,,,,,,0.04794366717222165,,,,,,,,,,,,,,,,,,,,,,,,,,,,,,0.04794366717222165,,,,,,,,,,,,,,,,,,,,,,,,,,,,,,,,,0.04794366717222165,,,,,,0.058694738445935264,0.058694738445935264,0.058694738445935264,0.058694738445935264,0.058694738445935264,0.058694738445935264,,,,,,,,,,,,,,,,,,,,,,,,,,,,,,,,,,,,,,,,,,,,,,,,,,,,,,,,,,,,,,,,,,,,,,,,
37,,,,,0.02471026013478986,0.0337948226023279,,,,,,,,,,,,,,,,0.06141189511322544,,,,,,,,,,,,,,,,,,,,,,,,,0.04631230702522788,,0.04631230702522788,0.04949635972970673,,,,,,,,,,,,,,,,,,,,,,,,,,0.06656164816173414,,,,,,,,,,,,,,,,,,,,,,,,,,,,,,,,,0.08971780167434809,0.08971780167434809,,,,,,,,,,,,,,,,,,,,,,,,,,,,,,,,,,,,,,,,,,,,,,,,,,,,,,,,,,,,,,,,,,,,,,,,,,,,,,,,,,,,,,,,,,0.1032632831401697,,,,,,,,,,,,,,,,,,,,,,,,,,,,,,,,,,,,,,,,,,,,,,,,,,,,,,,,,,,,,,,,,,,,,,,,,,,,,,,,,,,,,,,,,,,,,,,,,,,,,,,,,,,,,,,,,,,,,,,,,,,,,,,,,,,,,,,,,,,,,,,,,,,,,,,,,,,,,,,,,,,,,,,,,,,,,,,,,,,,,,,,,,,,,,,,,,,0.12641943665278366,0.12641943665278366,0.12641943665278366,,,,,,,,,,,,,,,,,,,,,,,,,,,,,,,,,,,,,,,,,,,,,,,,,,,,,,,,,,,,,,,,,,,,,
38,,,,,,,,,,,,,,,,0.03430386534607426,,,,,,,,,,,,,,,,,,,,,,,,,,,,,,,,0.020270887266084194,,,,0.04054177453216839,,,,,,,,,,,,,,,,,,0.015573803652333844,0.03948302002418253,,,,,,,,,,,,,,,,,,,,,,,,0.03948302002418253,,,,,,,,,,,,,,,,,,,,0.06125839324460148,,0.0177076468037636,0.023481018719762665,,0.01659621854231066,,,,,,,,0.025450041944192463,0.03062919662230074,,,,,,,,,,0.02429433853575962,,,,,,,,,,,,,,,,,,,,,,,,,,,,,,,,,,,,,,,,,,,,,,,,,,,,,,,,,0.03430386534607426,,,,,,,,,,,,,,,,,,,,,,,,,,0.03430386534607426,,,,,,,,0.03948302002418253,,,,,,,,,,,,,,,,,,0.025450041944192463,,,,,,,,,,,,,,,,,,,,,,,,,,,,,,,,,,,,,,,,,,,,,,,,,,,,,,,,0.03948302002418253,,,,,,,,,,,,,,,,,,,,,,,,,,,,,,,,,,,,,,,,,,,,,0.03948302002418253,,,,,,,,,,,,,,,,,,,,,,,,,,,,,,,,,,,,,,,,,,,,,,,,,0.048336843426064334,0.048336843426064334,0.048336843426064334,0.048336843426064334,0.048336843426064334,0.048336843426064334,0.048336843426064334,0.048336843426064334,0.048336843426064334,0.048336843426064334,0.048336843426064334,0.048336843426064334,,,,,,,,,,,,,,,,,,,,,,,,,,,,,,,,,,,,,,,,,,,,,,,,,,,,,,,,,
39,,,,0.014601517352375826,,0.019969667901375575,,,,,,,,,,,,,,,,,,,,,,,,,,,0.018772897959450616,,,,,,,,,,,,,,,,,,,,,,,,,,,,,,,,,,,0.04733603114355569,,,,,,,,,,,,,,0.01764455324467643,,,,,,,,,,,,,,,,,,,,,,,,,,,,,,,,,,,,,,,,,,,,,,,,,,,,,,,,,0.018772897959450616,,,,,,,,,,,,,,,,,,,,,0.06101921276464574,,,,,,,,,,,,,,,,,,,,,,,,,,,,,,,,,,,,,,,,,,,,,,,,,,,0.06101921276464574,,,0.07257769422472096,,,,,,,,,,,,,,,,,,,,,,,,,,,,,,,,,,,,,,,,,,,,,,,,,,,,,,0.04733603114355569,,,,,,,,,,,,,,,,,,,,,,,,,,,,,,,,,,,,,,,,,,,,,,,,,,,,,,,,,,,,,,,,,,,,,,,,,,,,,,,,,,,,,,,,,,,,,,,,,,,,,,,,,,,,,,,,,,,,,,,,,,,,,,,,,,,,,,,,,,,,,,0.0747023943857358,0.0747023943857358,0.0747023943857358,0.0747023943857358,0.06101921276464574,0.0747023943857358,0.0747023943857358,0.0747023943857358,0.0747023943857358,0.06101921276464574,0.0747023943857358,,,,,,,,,,,,,,,,,,,,,,,,,,,,,,,,,,,,,,,,,,,,,,
40,,,,,0.01235513006739493,,,0.03328082408086707,,,,,,,,,,,,,,,,,,,,,,,,,,,,,,,,,,,,,,,,,,,0.03632625662116033,,,0.017975439131942543,,,,,,,,,,,,,,0.04005356481377789,,,,,,,,,,,,,,0.014930006591649286,,,,,,,,,,,,,,,,,,,,,,,,,,,,,,,,,,0.0434054946491202,0.02315615351261394,,,,,,,,,,,,,,,,,,,,,0.05163164157008485,,,,,,,,,,,,,,,,,0.03632625662116033,,,,,,,,,,,,,0.044858900837174046,0.04005356481377789,,,,,,,,,,,,,,,,,,,,,,,,,,,,,,,,,,,,,,,,,,,,,,,,,,,,,,,,,,,,,,,,,,,,,,,,,,,,,,,,,,,,,,,,,,,,,,,,,,,,,,,,,,,,,,,,,,,,,,,,,,,,,,,,,,,,,,,,,,,,,,,,,,,,,,,,,,,,,,,,,,,0.044858900837174046,,,,,,,,,,0.044858900837174046,0.05163164157008485,,,,,,,,,,,,0.044858900837174046,,,,,,,,,,,,,,,,,,,,,,,,0.044858900837174046,,,,,,,,,,,,,,,,,,,,,,,,,,,,,,,,,,,,,,,,0.05163164157008485,,0.06320971832639183,0.06320971832639183,0.06320971832639183,0.06320971832639183,0.06320971832639183,0.06320971832639183,0.06320971832639183,,,,,,,,,,,,,,,,,,,,,,,,,,,,,,,,,,,,,,,
41,,,0.012796458790644158,0.01127134672814976,0.01127134672814976,0.007707591119829169,,,,,,,,,,,,,,,,,,,,,,,,,,,0.007245679914173921,,,,,,,,,,,,,,0.010562455988209866,,0.010562455988209866,0.011288643447126094,,0.024182812878837282,,0.016398646225631794,,,,,,,,,,,,,,,,,,,,,,,,,,,0.017449987396770155,0.006810178445313709,,,,,,,,,,,,,,,0.012988819113934102,,0.009289637266304399,,0.018270047108039037,,,,,,,,,,,,,,0.018270047108039037,,0.010562455988209866,,,0.009899498779623903,,,,0.023551275102143967,,,,,0.018270047108039037,0.036540094216078074,,,,,,0.020461954767833773,,,0.014491359828347842,,,0.01400622169249001,0.01400622169249001,,,,,,,,,,,,,,,,,,,,,0.020461954767833773,,,,,,,,,,,,,,,0.023551275102143967,,,,,,,,,,,,,,,,,,,,,,,,,,,,,,,,,,,0.01400622169249001,,,0.016569871441231027,,,,0.015180726773728838,,,,,,,,,,,,,,,,,,0.036540094216078074,,,,,,,,,,,,,,,,,,,,,,,,,,,,,,,,,,,,,,,,,,,,,,,,,,0.015180726773728838,0.023551275102143967,,,,,,,,,,0.023551275102143967,,,,,,,,,,,,,,,,,,,,,,,,,,,,,,,,,,,,,,,,,,,,,,,,,,,,,,,,,,,,,,,,,,,,,,,,,,,,,,,,,,,,,,,,,,,,,,,,,,,,,,,,,,,,,,,,,,0.023551275102143967,,,,,,,,,,,,,,0.0288325030962489,0.0288325030962489,0.0288325030962489,0.0288325030962489,0.0576650061924978,0.0288325030962489,0.0288325030962489,0.0288325030962489,0.0288325030962489,0.0288325030962489,0.0288325030962489,0.0288325030962489,,,,,,,,,,,,,,,,,,,,,,,,,,,
42,,,,,,0.023122773359487505,,,,,,,,,,,,,,,,,,,,,,,,,,,0.021737039742521762,,,,,,,0.0706538253064319,,,,,,,,0.036274219318255925,,,,,,,,,0.04201866507747003,,,0.04201866507747003,0.0706538253064319,0.0706538253064319,,,,,,,,,,,,,,,,,,,0.02617498109515523,,,,,,,,,,,,,,,,,,0.027868911798913192,,,,0.03386593034137828,,,,,,,,,,,,,0.02969849633887171,,,,,,,0.06138586430350131,,,,,,,,,,,,,,,,,,,,,0.04201866507747003,,,,,,,,,,,,,,,,,,,,,,,,,,,,,,,,,,,,,,,,,,,,,,,,,,,,,,,,,,,,,,,,,,,,,,,,,,,,,,,,,,,,,,,,,,,,,,,,,,,,,,,,,,,,,,,,,,,,,,,,,,,,,,,,,,,,,,,,,,,,,,,,,0.04554218032118651,,,,,,,,,,,,,,,,,,,,,,,,,,,,,,,,,,,,,,,,,,,,,,,,,,,,,,,,,,,,,,,,,,,,,,,,,,,,,,,,,,,,,,,,,,,,,,,,,,,,,,,,,,,,,,,,,,,,,,,,,,,,,,,,,,,,,,,,,,,,,,,,,,,,,,,0.08649750928874671,0.08649750928874671,0.08649750928874671,0.08649750928874671,,,,,,,,,,,,,,,,,,,,,,,
43,0.04809614110377423,0.04809614110377423,0.026318489986943396,0.01324673739184611,0.023181790435730692,,0.029210804293304186,,,,,,,,,,,,,,,,0.010736007063486857,,,,,,,,,,,,,,,,,,,0.010736007063486857,,,0.012024035275943557,0.012024035275943557,0.006206804034308891,,0.006206804034308891,,,,,,,,,0.010736007063486857,0.010736007063486857,,,,,,,,,,,,,,,,,,,,0.022897815138997236,0.019473869528869456,,,,,,,,,,,,,,,,,,,,,,,,,,,,,,,,0.026761899776367334,,,,,,0.008230460169813717,,,,,,,,,,,,,,,,,,,,,0.004257770671215603,,,0.008230460169813717,0.008230460169813717,,,,,,,,,,,,,,,,,,,,,,0.007632605046332411,0.00892063325878911,0.00892063325878911,,,,,,,,,,,,,,,,,,,,,,,,,,,,,0.012024035275943557,,,,,,,,0.009736934764434728,,,,,,,,,,,0.00892063325878911,,,,,,,,,,,,,,,,,,,,,,,,,,,,,,,,,0.00892063325878911,,,,,,,,,,,,,,,,,,,,,,,,,,,,,,,,,,,,,,,,,,,,,,,,,,,,,,,,,,,,,,,,,,,,0.012024035275943557,,0.010736007063486857,,,,,,,,,,,,,,,,,,,,,,,,0.012024035275943557,,,,,,,,,0.0138394090806413,,,,,,,,,,0.0138394090806413,,,,,,,,,,,,,,,,,,,,,,,,,,,,,,,,,,,,,,,,,,,,,,,,,,,,,,,,,,,,,,,,,,,,,,,,,,,,,,,,,,,0.016942811097795746,0.11859967768457022,0.13554248878236597,0.016942811097795746,0.016942811097795746,0.016942811097795746,0.016942811097795746,0.016942811097795746,0.016942811097795746,0.016942811097795746,0.016942811097795746,0.016942811097795746,0.016942811097795746,0.016942811097795746,0.016942811097795746,0.016942811097795746,0.016942811097795746,0.016942811097795746,0.016942811097795746,0.016942811097795746,0.016942811097795746,0.016942811097795746,0.016942811097795746
